household_id,neighborhood,month,usage_liters,household_size,bill_usd,meter_reading,usage_per_person,month_name,month_num,is_anomaly
HH6578,Tech Hub,2023-11-01,314.2,3,18.45,9322,104.7,Nov,11,False
HH5555,Market Square,2023-02-01,875.4,1,44.01,4385,875.4,Feb,2,True
HH3747,Market Square,2023-12-01,213.2,4,9.8,1189,53.3,Dec,12,False
HH9838,Old Town,2023-12-01,212.8,3,11.43,6393,70.9,Dec,12,False
HH1775,Tech Hub,2023-09-01,282.0,4,13.52,9226,70.5,Sep,9,False
HH4843,Green Park,2023-04-01,197.0,2,8.44,8989,98.5,Apr,4,False
HH2016,Market Square,2023-02-01,219.1,4,12.72,8869,54.8,Feb,2,False
HH9571,Market Square,2023-02-01,282.7,4,16.28,9684,70.7,Feb,2,False
HH6618,Green Park,2023-01-01,151.7,3,7.03,7736,50.6,Jan,1,False
HH4104,Old Town,2023-03-01,134.8,4,6.12,8215,33.7,Mar,3,False
HH9110,Market Square,2023-03-01,202.8,3,11.42,4840,67.6,Mar,3,False
HH8721,Market Square,2023-10-01,226.6,2,9.64,8035,113.3,Oct,10,False
HH2757,Market Square,2023-03-01,252.6,4,12.03,8574,63.2,Mar,3,False
HH3693,Market Square,2023-11-01,298.7,2,16.58,4627,149.4,Nov,11,False
HH2306,Tech Hub,2023-11-01,276.8,1,13.12,7776,276.8,Nov,11,False
HH1663,Tech Hub,2023-09-01,273.9,5,12.68,2998,54.8,Sep,9,False
HH7585,Old Town,2023-06-01,233.0,1,8.73,2291,233.0,Jun,6,False
HH5737,River Side,2023-03-01,187.8,1,7.4,1854,187.8,Mar,3,False
HH6791,Market Square,2023-01-01,255.5,2,14.91,6535,127.8,Jan,1,False
HH3931,Tech Hub,2023-07-01,396.7,5,21.38,8777,79.3,Jul,7,False
HH1659,Old Town,2023-01-01,136.8,3,4.45,3811,45.6,Jan,1,False
HH9680,Old Town,2023-04-01,160.3,4,7.28,3976,40.1,Apr,4,False
HH1262,River Side,2023-08-01,296.4,2,13.05,7287,148.2,Aug,8,False
HH5548,River Side,2023-09-01,168.7,4,8.67,4108,42.2,Sep,9,False
HH5499,Old Town,2023-07-01,186.9,3,6.7,7295,62.3,Jul,7,False
HH1098,Green Park,2023-08-01,271.6,1,15.79,3200,271.6,Aug,8,False
HH9352,Market Square,2023-02-01,217.7,5,8.45,6699,43.5,Feb,2,False
HH5496,Green Park,2023-05-01,166.1,3,6.08,5735,55.4,May,5,False
HH9754,Green Park,2023-12-01,221.2,5,11.35,6895,44.2,Dec,12,False
HH8996,Old Town,2023-11-01,160.4,1,10.93,8683,160.4,Nov,11,False
HH2060,Old Town,2023-01-01,82.5,4,3.64,3327,20.6,Jan,1,False
HH1190,Market Square,2023-01-01,276.1,4,16.9,1980,69.0,Jan,1,False
HH6442,Green Park,2023-03-01,186.4,2,6.83,2895,93.2,Mar,3,False
HH1784,River Side,2023-06-01,268.8,2,11.94,9096,134.4,Jun,6,False
HH6986,Green Park,2023-11-01,193.5,2,13.23,2841,96.8,Nov,11,False
HH3368,Green Park,2023-08-01,252.7,5,14.38,7655,50.5,Aug,8,False
HH4769,Tech Hub,2023-03-01,265.4,3,10.27,1574,88.5,Mar,3,False
HH3491,Market Square,2023-06-01,337.6,3,17.04,4124,112.5,Jun,6,False
HH5142,Tech Hub,2023-12-01,253.6,4,13.72,7966,63.4,Dec,12,False
HH6177,Tech Hub,2023-02-01,194.2,3,10.08,9932,64.7,Feb,2,False
HH2081,River Side,2023-05-01,215.9,1,9.21,1512,215.9,May,5,False
HH5070,River Side,2023-06-01,336.4,5,19.35,1580,67.3,Jun,6,False
HH6188,Market Square,2023-07-01,352.6,1,16.44,3141,352.6,Jul,7,False
HH8421,Tech Hub,2023-05-01,272.2,4,13.49,5452,68.0,May,5,False
HH5611,River Side,2023-10-01,220.1,5,12.52,3839,44.0,Oct,10,False
HH7833,River Side,2023-01-01,197.3,4,11.72,3427,49.3,Jan,1,False
HH6536,Green Park,2023-01-01,167.4,1,9.3,4913,167.4,Jan,1,False
HH9945,Old Town,2023-12-01,109.5,5,4.08,3082,21.9,Dec,12,False
HH4974,Green Park,2023-10-01,768.5,1,37.5,4267,768.5,Oct,10,True
HH8164,River Side,2023-05-01,235.9,1,11.43,9867,235.9,May,5,False
HH6073,River Side,2023-05-01,242.4,4,13.34,6104,60.6,May,5,False
HH6917,Market Square,2023-12-01,259.1,1,12.08,9787,259.1,Dec,12,False
HH8400,Green Park,2023-06-01,234.3,5,11.12,9082,46.9,Jun,6,False
HH6486,Tech Hub,2023-09-01,309.7,3,15.22,9335,103.2,Sep,9,False
HH4636,Market Square,2023-05-01,219.8,4,8.56,2167,55.0,May,5,False
HH8330,Green Park,2023-07-01,251.6,2,10.79,6334,125.8,Jul,7,False
HH2191,Market Square,2023-11-01,276.7,5,14.83,7313,55.3,Nov,11,False
HH2365,Green Park,2023-02-01,105.6,5,5.44,9691,21.1,Feb,2,False
HH9905,Green Park,2023-07-01,230.4,3,11.09,6977,76.8,Jul,7,False
HH7619,Old Town,2023-07-01,176.4,2,7.98,9647,88.2,Jul,7,False
HH2214,Market Square,2023-09-01,275.2,1,16.03,2531,275.2,Sep,9,False
HH7316,Green Park,2023-09-01,169.7,4,9.4,2852,42.4,Sep,9,False
HH4376,Market Square,2023-06-01,375.3,1,16.63,6645,375.3,Jun,6,False
HH2353,Green Park,2023-05-01,153.1,3,10.71,6063,51.0,May,5,False
HH4719,Tech Hub,2023-08-01,376.4,2,20.39,3745,188.2,Aug,8,False
HH8102,Tech Hub,2023-02-01,231.1,3,8.88,8312,77.0,Feb,2,False
HH2581,Green Park,2023-01-01,204.8,5,7.25,8714,41.0,Jan,1,False
HH8418,Market Square,2023-06-01,310.4,2,19.18,6124,155.2,Jun,6,False
HH7938,Green Park,2023-06-01,260.9,3,10.85,5784,87.0,Jun,6,False
HH3000,Market Square,2023-01-01,138.9,4,5.14,6989,34.7,Jan,1,False
HH8245,Old Town,2023-05-01,207.9,3,11.6,7600,69.3,May,5,False
HH4419,Green Park,2023-03-01,153.8,2,6.35,8239,76.9,Mar,3,False
HH2077,River Side,2023-10-01,266.5,4,13.56,9427,66.6,Oct,10,False
HH5673,Market Square,2023-11-01,797.0,5,39.31,5530,159.4,Nov,11,True
HH2331,Tech Hub,2023-02-01,286.8,3,10.82,5261,95.6,Feb,2,False
HH3180,Green Park,2023-08-01,244.1,1,13.27,5892,244.1,Aug,8,False
HH8941,Tech Hub,2023-10-01,299.6,5,16.57,6569,59.9,Oct,10,False
HH7031,Market Square,2023-11-01,195.4,3,11.6,8687,65.1,Nov,11,False
HH5188,Tech Hub,2023-08-01,397.4,3,23.22,1671,132.5,Aug,8,False
HH4900,River Side,2023-10-01,238.5,2,10.87,7677,119.2,Oct,10,False
HH8240,Market Square,2023-06-01,346.8,2,15.27,7937,173.4,Jun,6,False
HH5432,Green Park,2023-09-01,183.7,5,13.13,2276,36.7,Sep,9,False
HH1364,Tech Hub,2023-08-01,491.2,2,23.94,7809,245.6,Aug,8,False
HH6870,Old Town,2023-08-01,236.0,3,10.23,2531,78.7,Aug,8,False
HH6750,Market Square,2023-02-01,258.2,1,8.0,9905,258.2,Feb,2,False
HH4596,Green Park,2023-01-01,133.6,1,4.52,7168,133.6,Jan,1,False
HH8943,Tech Hub,2023-10-01,299.8,2,17.95,7891,149.9,Oct,10,False
HH1876,Old Town,2023-10-01,133.7,2,3.92,4812,66.8,Oct,10,False
HH9434,Green Park,2023-01-01,146.8,1,2.78,3590,146.8,Jan,1,False
HH6560,Market Square,2023-04-01,1085.4,3,54.56,5289,361.8,Apr,4,True
HH9915,Old Town,2023-08-01,261.3,2,12.89,1224,130.6,Aug,8,False
HH2917,Tech Hub,2023-01-01,310.4,5,16.05,5234,62.1,Jan,1,False
HH7038,Tech Hub,2023-11-01,248.1,5,14.89,3219,49.6,Nov,11,False
HH3824,River Side,2023-08-01,289.9,1,16.02,2994,289.9,Aug,8,False
HH9567,Old Town,2023-01-01,149.5,5,8.76,4530,29.9,Jan,1,False
HH7413,Green Park,2023-02-01,167.6,3,11.54,7941,55.9,Feb,2,False
HH1600,Old Town,2023-05-01,169.89999999999998,4,5.78,2065,42.5,May,5,False
HH8804,Green Park,2023-02-01,145.5,3,9.88,7565,48.5,Feb,2,False
HH2997,Green Park,2023-07-01,311.9,2,12.44,4687,156.0,Jul,7,False
HH6408,Old Town,2023-07-01,179.6,5,11.27,9669,35.9,Jul,7,False
HH3645,Old Town,2023-04-01,189.1,4,10.9,5612,47.3,Apr,4,False
HH7359,Old Town,2023-10-01,191.1,4,8.53,8863,47.8,Oct,10,False
HH1094,Market Square,2023-08-01,337.2,2,15.75,3674,168.6,Aug,8,False
HH7166,Old Town,2023-04-01,111.0,3,6.11,1814,37.0,Apr,4,False
HH8790,River Side,2023-11-01,228.4,1,9.17,1827,228.4,Nov,11,False
HH6109,Old Town,2023-12-01,172.1,1,9.95,5146,172.1,Dec,12,False
HH4030,Market Square,2023-08-01,340.1,4,16.06,3872,85.0,Aug,8,False
HH9393,Green Park,2023-06-01,328.2,1,17.46,4507,328.2,Jun,6,False
HH8973,Green Park,2023-05-01,152.5,2,8.12,9577,76.2,May,5,False
HH2205,River Side,2023-11-01,209.9,4,13.83,2990,52.5,Nov,11,False
HH6588,Tech Hub,2023-06-01,398.5,2,21.74,1966,199.2,Jun,6,False
HH7704,Green Park,2023-04-01,248.3,5,9.16,5422,49.7,Apr,4,False
HH5524,Green Park,2023-07-01,292.5,5,13.97,9477,58.5,Jul,7,False
HH6232,Old Town,2023-02-01,167.2,4,6.36,6797,41.8,Feb,2,False
HH2481,Old Town,2023-04-01,168.7,2,7.93,7305,84.4,Apr,4,False
HH9519,Tech Hub,2023-01-01,802.0,3,42.64,8221,267.3,Jan,1,True
HH8970,Green Park,2023-05-01,195.25,2,7.64,3143,97.6,May,5,False
HH9966,Old Town,2023-04-01,109.2,2,3.66,3198,54.6,Apr,4,False
HH7035,Market Square,2023-03-01,291.0,5,16.47,4594,58.2,Mar,3,False
HH2279,River Side,2023-02-01,177.1,5,8.66,8083,35.4,Feb,2,False
HH4186,Old Town,2023-04-01,165.0,1,6.3,3573,165.0,Apr,4,False
HH3541,Green Park,2023-08-01,228.2,3,14.65,3051,76.1,Aug,8,False
HH6475,River Side,2023-10-01,227.5,2,12.69,9232,113.8,Oct,10,False
HH9041,River Side,2023-01-01,184.9,5,11.72,1341,37.0,Jan,1,False
HH3969,Market Square,2023-11-01,298.6,2,18.07,4028,149.3,Nov,11,False
HH3866,Tech Hub,2023-10-01,244.4,1,10.24,5788,244.4,Oct,10,False
HH9378,Tech Hub,2023-03-01,281.7,4,11.27,2333,70.4,Mar,3,False
HH8715,River Side,2023-07-01,322.8,1,16.51,9942,322.8,Jul,7,False
HH7122,Tech Hub,2023-03-01,282.7,5,14.38,1481,56.5,Mar,3,False
HH2240,Green Park,2023-10-01,116.4,1,5.12,1060,116.4,Oct,10,False
HH5203,Old Town,2023-08-01,177.3,5,8.06,9363,35.5,Aug,8,False
HH7960,Old Town,2023-06-01,171.1,3,10.84,4004,57.0,Jun,6,False
HH6895,Green Park,2023-10-01,186.5,3,13.22,3708,62.2,Oct,10,False
HH6387,Green Park,2023-07-01,277.1,2,16.59,4993,138.6,Jul,7,False
HH8686,Green Park,2023-10-01,204.6,5,10.5,5232,40.9,Oct,10,False
HH2466,Old Town,2023-08-01,257.9,2,12.73,4561,129.0,Aug,8,False
HH3983,Green Park,2023-08-01,239.0,5,11.33,5278,47.8,Aug,8,False
HH8564,Tech Hub,2023-07-01,432.4,1,17.76,9684,432.4,Jul,7,False
HH8206,River Side,2023-12-01,189.5,3,11.61,3032,63.2,Dec,12,False
HH5361,Market Square,2023-05-01,327.9,1,15.09,8069,327.9,May,5,False
HH7467,Green Park,2023-07-01,973.4,2,49.01,1145,486.7,Jul,7,True
HH9056,Market Square,2023-09-01,263.8,1,12.69,8511,263.8,Sep,9,False
HH2868,Tech Hub,2023-12-01,271.9,3,10.53,8878,90.6,Dec,12,False
HH8274,Tech Hub,2023-04-01,335.0,2,19.99,1824,167.5,Apr,4,False
HH9245,River Side,2023-09-01,236.7,5,10.59,8214,47.3,Sep,9,False
HH9194,Green Park,2023-09-01,168.8,1,6.09,8906,168.8,Sep,9,False
HH2218,Market Square,2023-08-01,282.6,5,12.37,6016,56.5,Aug,8,False
HH1954,River Side,2023-12-01,184.9,3,8.87,8291,61.6,Dec,12,False
HH9987,Old Town,2023-05-01,161.4,5,6.81,5036,32.3,May,5,False
HH7183,Market Square,2023-01-01,239.7,2,12.06,4930,119.8,Jan,1,False
HH2704,Market Square,2023-01-01,219.7,1,11.6,7924,219.7,Jan,1,False
HH3808,Old Town,2023-09-01,132.2,5,7.8,6150,26.4,Sep,9,False
HH3403,River Side,2023-10-01,203.7,2,11.46,9780,101.8,Oct,10,False
HH5543,Market Square,2023-12-01,218.2,2,11.0,2007,109.1,Dec,12,False
HH3382,Old Town,2023-07-01,240.1,4,12.1,6084,60.0,Jul,7,False
HH9073,Tech Hub,2023-04-01,286.6,1,14.72,3752,286.6,Apr,4,False
HH8813,River Side,2023-08-01,291.2,5,15.31,4356,58.2,Aug,8,False
HH4155,Tech Hub,2023-01-01,294.0,2,14.92,4093,147.0,Jan,1,False
HH2980,Old Town,2023-11-01,104.6,2,4.1,4056,52.3,Nov,11,False
HH7573,Green Park,2023-08-01,280.5,4,13.34,1984,70.1,Aug,8,False
HH1959,Green Park,2023-05-01,175.2,3,6.39,7059,58.4,May,5,False
HH2875,Market Square,2023-08-01,355.9,1,19.21,2763,355.9,Aug,8,False
HH1116,Green Park,2023-06-01,234.8,5,10.81,3433,47.0,Jun,6,False
HH6420,Old Town,2023-01-01,122.4,3,1.27,9920,40.8,Jan,1,False
HH4117,Green Park,2023-12-01,124.0,1,6.1,6791,124.0,Dec,12,False
HH1001,Tech Hub,2023-04-01,335.5,1,15.45,7368,335.5,Apr,4,False
HH8014,Green Park,2023-09-01,171.9,2,8.42,1089,86.0,Sep,9,False
HH2925,River Side,2023-02-01,197.6,3,10.15,3056,65.9,Feb,2,False
HH4389,Green Park,2023-07-01,206.0,2,12.02,9442,103.0,Jul,7,False
HH8294,Old Town,2023-04-01,224.7,3,13.58,5904,74.9,Apr,4,False
HH2560,Tech Hub,2023-10-01,350.6,4,16.61,2266,87.6,Oct,10,False
HH8979,River Side,2023-03-01,235.7,3,10.64,4665,78.6,Mar,3,False
HH7236,River Side,2023-03-01,221.1,3,11.3,7078,73.7,Mar,3,False
HH3071,Green Park,2023-07-01,284.7,5,14.01,9595,56.9,Jul,7,False
HH2712,Market Square,2023-04-01,276.2,2,15.35,5703,138.1,Apr,4,False
HH2394,Green Park,2023-04-01,177.5,2,8.13,5732,88.8,Apr,4,False
HH4591,Tech Hub,2023-03-01,344.3,3,19.98,7895,114.8,Mar,3,False
HH5648,River Side,2023-12-01,193.9,5,5.05,3365,38.8,Dec,12,False
HH9219,Tech Hub,2023-08-01,474.4,1,25.49,3113,474.4,Aug,8,False
HH8062,Old Town,2023-05-01,160.5,4,7.84,4374,40.1,May,5,False
HH7276,Old Town,2023-10-01,97.1,1,5.36,6895,97.1,Oct,10,False
HH4178,Old Town,2023-12-01,110.8,1,6.58,7052,110.8,Dec,12,False
HH2390,Market Square,2023-12-01,248.9,4,11.72,2742,62.2,Dec,12,False
HH1281,Tech Hub,2023-11-01,290.2,5,13.41,7262,58.0,Nov,11,False
HH3740,Old Town,2023-06-01,229.7,4,9.7,3289,57.4,Jun,6,False
HH4249,Old Town,2023-11-01,162.0,3,8.9,8595,54.0,Nov,11,False
HH9320,Tech Hub,2023-07-01,391.8,2,20.88,7812,195.9,Jul,7,False
HH7089,Market Square,2023-06-01,374.2,3,16.27,7257,124.7,Jun,6,False
HH5440,River Side,2023-01-01,192.5,3,9.96,5909,64.2,Jan,1,False
HH9125,Tech Hub,2023-01-01,273.5,5,13.96,4291,54.7,Jan,1,False
HH7924,River Side,2023-02-01,138.6,1,8.79,4828,138.6,Feb,2,False
HH5114,Market Square,2023-09-01,259.1,4,11.38,4553,64.8,Sep,9,False
HH3772,River Side,2023-09-01,243.7,1,11.4,4726,243.7,Sep,9,False
HH6592,Green Park,2023-12-01,188.1,5,13.46,2440,37.6,Dec,12,False
HH3989,Green Park,2023-01-01,143.9,2,7.13,7228,72.0,Jan,1,False
HH6252,River Side,2023-08-01,701.8,4,39.67,5399,175.4,Aug,8,True
HH7570,Market Square,2023-12-01,140.0,2,5.93,9212,70.0,Dec,12,False
HH1140,Old Town,2023-07-01,227.9,4,12.16,5882,57.0,Jul,7,False
HH8311,River Side,2023-04-01,193.9,4,7.73,1105,48.5,Apr,4,False
HH2286,Tech Hub,2023-02-01,264.5,3,13.09,8052,88.2,Feb,2,False
HH6495,Green Park,2023-10-01,155.3,4,7.46,7284,38.8,Oct,10,False
HH6752,Market Square,2023-06-01,389.8,2,20.33,7295,194.9,Jun,6,False
HH8227,Green Park,2023-10-01,154.3,4,5.6,4273,38.6,Oct,10,False
HH1482,Green Park,2023-02-01,136.0,5,7.66,4179,27.2,Feb,2,False
HH8622,River Side,2023-01-01,628.2,4,31.15,8327,157.0,Jan,1,True
HH1769,Old Town,2023-10-01,182.0,1,6.4,2343,182.0,Oct,10,False
HH7602,Old Town,2023-07-01,199.9,1,13.27,3349,199.9,Jul,7,False
HH8843,Old Town,2023-04-01,177.1,4,12.11,1072,44.3,Apr,4,False
HH4713,Green Park,2023-11-01,214.9,4,7.64,6051,53.7,Nov,11,False
HH9258,Market Square,2023-12-01,262.3,2,7.86,8979,131.2,Dec,12,False
HH4874,Market Square,2023-10-01,286.8,2,11.92,5211,143.4,Oct,10,False
HH4083,Tech Hub,2023-10-01,270.3,1,14.77,4719,270.3,Oct,10,False
HH3368,Tech Hub,2023-03-01,267.2,4,12.73,1285,66.8,Mar,3,False
HH2012,Market Square,2023-04-01,227.5,1,11.83,3785,227.5,Apr,4,False
HH3817,Market Square,2023-04-01,217.9,5,9.12,3496,43.6,Apr,4,False
HH9597,Old Town,2023-03-01,126.9,3,2.04,5437,42.3,Mar,3,False
HH6548,Tech Hub,2023-05-01,300.8,2,10.1,2826,150.4,May,5,False
HH8842,River Side,2023-06-01,297.2,5,13.96,7721,59.4,Jun,6,False
HH5259,Old Town,2023-02-01,157.4,5,8.11,9286,31.5,Feb,2,False
HH6772,Green Park,2023-06-01,236.5,1,13.69,3529,236.5,Jun,6,False
HH8967,Market Square,2023-02-01,165.1,4,8.33,9734,41.3,Feb,2,False
HH6179,Tech Hub,2023-02-01,699.3,2,34.05,7610,349.6,Feb,2,True
HH1689,Old Town,2023-05-01,153.6,3,10.66,6175,51.2,May,5,False
HH7406,Green Park,2023-07-01,235.1,3,10.93,9591,78.4,Jul,7,False
HH4292,Tech Hub,2023-01-01,259.8,4,13.0,1419,65.0,Jan,1,False
HH2549,Tech Hub,2023-06-01,388.7,5,19.02,7140,77.7,Jun,6,False
HH8638,Market Square,2023-07-01,262.3,2,42.89,8993,131.2,Jul,7,False
HH3385,Market Square,2023-01-01,240.6,5,11.04,5268,48.1,Jan,1,False
HH6887,Tech Hub,2023-01-01,258.6,4,10.98,8961,64.6,Jan,1,False
HH4493,Tech Hub,2023-02-01,290.0,1,12.77,7164,290.0,Feb,2,False
HH8177,River Side,2023-01-01,221.3,5,8.82,9433,44.3,Jan,1,False
HH7869,River Side,2023-12-01,204.6,3,11.25,3247,68.2,Dec,12,False
HH7230,Green Park,2023-01-01,154.0,4,6.19,5940,38.5,Jan,1,False
HH2668,Green Park,2023-07-01,241.0,1,12.42,1147,241.0,Jul,7,False
HH6510,Market Square,2023-08-01,309.6,3,13.54,9754,103.2,Aug,8,False
HH7511,Old Town,2023-10-01,168.5,2,7.01,8504,84.2,Oct,10,False
HH9569,Green Park,2023-09-01,142.4,4,6.12,5285,35.6,Sep,9,False
HH7303,River Side,2023-10-01,200.7,5,11.89,4983,40.1,Oct,10,False
HH6784,Tech Hub,2023-02-01,244.1,1,10.53,5583,244.1,Feb,2,False
HH1685,Old Town,2023-12-01,102.6,4,4.39,3160,25.6,Dec,12,False
HH2256,Market Square,2023-03-01,213.6,4,12.95,8697,53.4,Mar,3,False
HH8003,Market Square,2023-05-01,211.2,3,11.03,4537,70.4,May,5,False
HH5183,River Side,2023-05-01,244.4,3,13.38,9652,81.5,May,5,False
HH1022,Old Town,2023-05-01,167.2,3,13.56,3460,55.7,May,5,False
HH6995,Tech Hub,2023-09-01,281.3,1,15.02,1514,281.3,Sep,9,False
HH3520,Green Park,2023-04-01,173.7,3,6.98,4081,57.9,Apr,4,False
HH3547,Market Square,2023-07-01,396.3,1,21.71,3979,396.3,Jul,7,False
HH8544,River Side,2023-10-01,831.4,5,42.21,3634,166.3,Oct,10,True
HH6251,Old Town,2023-07-01,230.9,5,4.84,2929,46.2,Jul,7,False
HH6891,Old Town,2023-10-01,117.4,5,2.35,2080,23.5,Oct,10,False
HH5431,Market Square,2023-04-01,279.4,3,13.46,7841,93.1,Apr,4,False
HH4390,Tech Hub,2023-04-01,299.4,3,13.64,6997,99.8,Apr,4,False
HH1867,Old Town,2023-06-01,256.0,5,14.5,9623,51.2,Jun,6,False
HH2136,Market Square,2023-04-01,260.8,4,11.88,3810,65.2,Apr,4,False
HH2283,Tech Hub,2023-11-01,323.2,1,17.92,1659,323.2,Nov,11,False
HH6068,Old Town,2023-06-01,233.1,3,8.9,7397,77.7,Jun,6,False
HH9738,Market Square,2023-06-01,293.1,2,15.0,6017,146.6,Jun,6,False
HH9895,Old Town,2023-05-01,148.9,2,8.25,7404,74.4,May,5,False
HH3839,Tech Hub,2023-06-01,405.4,3,20.55,4384,135.1,Jun,6,False
HH7868,Tech Hub,2023-06-01,411.8,1,18.59,2431,411.8,Jun,6,False
HH9461,Tech Hub,2023-10-01,270.7,4,11.75,1631,67.7,Oct,10,False
HH6347,River Side,2023-06-01,342.8,1,16.66,3643,342.8,Jun,6,False
HH1671,River Side,2023-10-01,161.6,3,9.65,8927,53.9,Oct,10,False
HH5260,Old Town,2023-04-01,194.8,1,8.99,3361,194.8,Apr,4,False
HH2938,Market Square,2023-02-01,225.9,1,11.72,9562,225.9,Feb,2,False
HH8875,Green Park,2023-05-01,131.5,2,8.9,7633,65.8,May,5,False
HH8521,Green Park,2023-07-01,266.1,5,17.13,7171,53.2,Jul,7,False
HH4648,River Side,2023-11-01,225.3,2,10.53,2537,112.6,Nov,11,False
HH5666,Green Park,2023-02-01,202.0,4,9.58,1610,50.5,Feb,2,False
HH6774,Old Town,2023-01-01,116.6,4,4.23,7519,29.2,Jan,1,False
HH4867,Market Square,2023-06-01,335.1,2,15.38,8193,167.6,Jun,6,False
HH2577,Green Park,2023-02-01,151.2,1,6.09,3274,151.2,Feb,2,False
HH3551,Tech Hub,2023-07-01,407.2,3,22.66,7411,135.7,Jul,7,False
HH8239,River Side,2023-08-01,335.6,5,15.44,7710,67.1,Aug,8,False
HH3822,Green Park,2023-08-01,169.2,2,10.59,5943,84.6,Aug,8,False
HH1687,Old Town,2023-03-01,236.3,5,12.18,4690,47.3,Mar,3,False
HH6108,Market Square,2023-04-01,224.2,5,13.49,4604,44.8,Apr,4,False
HH4864,Market Square,2023-02-01,590.4,1,29.01,8833,590.4,Feb,2,True
HH1645,Market Square,2023-03-01,260.2,2,12.42,8544,130.1,Mar,3,False
HH1587,Old Town,2023-02-01,131.0,2,9.16,5079,65.5,Feb,2,False
HH6433,Market Square,2023-12-01,195.5,2,8.95,2098,97.8,Dec,12,False
HH8950,Green Park,2023-07-01,206.4,3,12.81,9915,68.8,Jul,7,False
HH6779,Market Square,2023-02-01,248.3,1,10.17,7144,248.3,Feb,2,False
HH7370,Old Town,2023-04-01,149.9,5,8.36,1948,30.0,Apr,4,False
HH8374,Tech Hub,2023-04-01,310.5,5,16.5,2138,62.1,Apr,4,False
HH5596,Green Park,2023-06-01,272.2,4,17.41,6661,68.0,Jun,6,False
HH5178,Old Town,2023-04-01,626.0,1,30.69,8789,626.0,Apr,4,True
HH2531,Old Town,2023-03-01,718.6,1,37.16,3990,718.6,Mar,3,True
HH7816,Tech Hub,2023-08-01,431.0,1,25.23,2762,431.0,Aug,8,False
HH8804,Green Park,2023-11-01,199.7,4,13.04,8789,49.9,Nov,11,False
HH1778,Green Park,2023-08-01,274.0,3,12.4,2492,91.3,Aug,8,False
HH3044,Market Square,2023-05-01,225.8,5,9.86,8368,45.2,May,5,False
HH8468,Market Square,2023-09-01,279.3,1,14.97,1342,279.3,Sep,9,False
HH7748,Tech Hub,2023-06-01,464.2,2,22.51,1405,232.1,Jun,6,False
HH1771,Market Square,2023-03-01,293.0,4,14.11,6525,73.2,Mar,3,False
HH5005,Tech Hub,2023-03-01,312.7,1,15.92,8429,312.7,Mar,3,False
HH4451,Green Park,2023-02-01,139.8,3,2.57,8616,46.6,Feb,2,False
HH6808,Green Park,2023-01-01,136.1,4,11.36,7796,34.0,Jan,1,False
HH4828,Market Square,2023-06-01,358.9,5,18.52,2968,71.8,Jun,6,False
HH3866,River Side,2023-11-01,202.6,5,11.84,1182,40.5,Nov,11,False
HH4629,Green Park,2023-07-01,309.0,5,15.33,4628,61.8,Jul,7,False
HH7588,Green Park,2023-08-01,197.9,5,6.73,4311,39.6,Aug,8,False
HH6443,Green Park,2023-10-01,184.3,2,7.99,1989,92.2,Oct,10,False
HH4808,Green Park,2023-04-01,153.4,4,7.06,1331,38.4,Apr,4,False
HH1201,River Side,2023-03-01,235.4,1,11.43,3497,235.4,Mar,3,False
HH8544,Old Town,2023-11-01,161.7,1,13.18,8718,161.7,Nov,11,False
HH7031,Tech Hub,2023-03-01,281.6,3,14.8,7439,93.9,Mar,3,False
HH2998,River Side,2023-01-01,196.5,5,13.63,6476,39.3,Jan,1,False
HH2130,Market Square,2023-01-01,207.3,4,7.39,7563,51.8,Jan,1,False
HH2823,Old Town,2023-07-01,257.5,4,13.14,2474,64.4,Jul,7,False
HH2141,Old Town,2023-12-01,180.9,3,9.96,2635,60.3,Dec,12,False
HH7564,Tech Hub,2023-01-01,296.9,4,21.02,5928,74.2,Jan,1,False
HH6546,Green Park,2023-04-01,186.8,3,5.11,2829,62.3,Apr,4,False
HH2054,Market Square,2023-08-01,313.0,1,14.47,6744,313.0,Aug,8,False
HH5652,Market Square,2023-02-01,198.3,3,9.89,8939,66.1,Feb,2,False
HH1910,River Side,2023-11-01,167.0,5,5.45,5340,33.4,Nov,11,False
HH7789,River Side,2023-05-01,207.6,3,12.52,1785,69.2,May,5,False
HH4236,Tech Hub,2023-09-01,296.8,4,15.74,3352,74.2,Sep,9,False
HH2439,Market Square,2023-02-01,197.0,3,8.5,8730,65.7,Feb,2,False
HH1358,River Side,2023-01-01,248.0,3,12.57,5931,82.7,Jan,1,False
HH7652,Old Town,2023-01-01,103.8,2,5.67,7416,51.9,Jan,1,False
HH3567,Old Town,2023-12-01,104.5,3,2.82,2307,34.8,Dec,12,False
HH2140,Market Square,2023-01-01,228.2,3,11.95,9458,76.1,Jan,1,False
HH1557,Market Square,2023-12-01,192.1,1,9.76,1882,192.1,Dec,12,False
HH6347,Old Town,2023-10-01,159.6,2,8.76,8269,79.8,Oct,10,False
HH7642,Old Town,2023-01-01,81.6,1,7.95,4825,81.6,Jan,1,False
HH1364,Green Park,2023-03-01,176.8,4,10.75,5258,44.2,Mar,3,False
HH8742,Green Park,2023-08-01,246.2,3,14.58,6442,82.1,Aug,8,False
HH5117,Old Town,2023-05-01,230.0,2,11.88,4420,115.0,May,5,False
HH7337,Old Town,2023-03-01,136.8,4,7.65,4735,34.2,Mar,3,False
HH3841,Old Town,2023-08-01,267.4,2,13.65,5208,133.7,Aug,8,False
HH9068,Old Town,2023-01-01,172.3,5,5.74,3235,34.5,Jan,1,False
HH5897,Green Park,2023-01-01,195.25,1,10.32,6037,195.2,Jan,1,False
HH6409,Tech Hub,2023-06-01,434.1,5,17.99,3092,86.8,Jun,6,False
HH8913,Market Square,2023-03-01,193.2,2,10.09,8547,96.6,Mar,3,False
HH6409,Tech Hub,2023-02-01,310.45,4,11.09,3951,77.6,Feb,2,False
HH6789,Old Town,2023-06-01,216.1,1,6.8,1436,216.1,Jun,6,False
HH1182,Market Square,2023-05-01,237.8,1,9.12,8190,237.8,May,5,False
HH7555,River Side,2023-10-01,226.6,2,13.91,9244,113.3,Oct,10,False
HH5945,Tech Hub,2023-11-01,277.8,2,15.67,8927,138.9,Nov,11,False
HH8161,River Side,2023-11-01,200.3,1,6.94,2884,200.3,Nov,11,False
HH7056,River Side,2023-02-01,215.7,2,8.72,3437,107.8,Feb,2,False
HH6738,Market Square,2023-12-01,186.7,1,11.59,5232,186.7,Dec,12,False
HH3224,Old Town,2023-02-01,166.8,5,7.01,9389,33.4,Feb,2,False
HH8094,Tech Hub,2023-03-01,308.0,1,14.23,7318,308.0,Mar,3,False
HH6904,Market Square,2023-05-01,244.9,3,12.64,5888,81.6,May,5,False
HH2124,Green Park,2023-05-01,247.2,1,11.54,6621,247.2,May,5,False
HH6355,Tech Hub,2023-09-01,270.1,3,13.38,5968,90.0,Sep,9,False
HH5424,Tech Hub,2023-07-01,406.4,2,23.22,4237,203.2,Jul,7,False
HH2772,Old Town,2023-06-01,215.8,5,11.52,9353,43.2,Jun,6,False
HH9547,Green Park,2023-08-01,256.1,1,12.13,1234,256.1,Aug,8,False
HH4748,Old Town,2023-09-01,175.4,5,9.95,4173,35.1,Sep,9,False
HH3158,River Side,2023-06-01,313.3,3,15.83,3661,104.4,Jun,6,False
HH2401,Green Park,2023-12-01,150.7,4,7.57,4259,37.7,Dec,12,False
HH3745,River Side,2023-06-01,299.9,1,18.13,7091,299.9,Jun,6,False
HH9224,Old Town,2023-06-01,216.9,5,11.23,7198,43.4,Jun,6,False
HH1972,River Side,2023-07-01,798.8,4,37.0,4718,199.7,Jul,7,True
HH9835,Tech Hub,2023-03-01,320.1,3,17.36,9386,106.7,Mar,3,False
HH7614,Market Square,2023-09-01,254.5,4,14.0,9707,63.6,Sep,9,False
HH1277,River Side,2023-08-01,308.6,4,15.89,1232,77.2,Aug,8,False
HH8468,Green Park,2023-11-01,203.1,1,13.05,7410,203.1,Nov,11,False
HH9682,Market Square,2023-05-01,277.1,3,13.98,2072,92.4,May,5,False
HH5781,Tech Hub,2023-06-01,412.1,1,16.93,4313,412.1,Jun,6,False
HH2946,River Side,2023-01-01,186.9,1,10.89,3783,186.9,Jan,1,False
HH2932,Market Square,2023-10-01,234.1,2,12.15,2757,117.0,Oct,10,False
HH8888,Old Town,2023-06-01,181.3,1,8.53,7474,181.3,Jun,6,False
HH3743,Market Square,2023-02-01,199.6,4,11.16,8866,49.9,Feb,2,False
HH1619,River Side,2023-09-01,213.5,2,7.7,1882,106.8,Sep,9,False
HH1929,Market Square,2023-11-01,290.8,2,12.55,6366,145.4,Nov,11,False
HH8594,Market Square,2023-10-01,304.1,1,14.82,6158,304.1,Oct,10,False
HH2636,Green Park,2023-11-01,189.2,4,11.57,9155,47.3,Nov,11,False
HH5444,Tech Hub,2023-10-01,285.3,3,15.2,8618,95.1,Oct,10,False
HH3451,Tech Hub,2023-10-01,404.9,3,17.32,1628,135.0,Oct,10,False
HH9307,Old Town,2023-03-01,163.0,2,9.33,5956,81.5,Mar,3,False
HH9345,Tech Hub,2023-05-01,341.4,2,14.58,4699,170.7,May,5,False
HH8423,River Side,2023-11-01,207.8,5,11.76,3871,41.6,Nov,11,False
HH8470,Old Town,2023-05-01,208.5,4,10.63,7297,52.1,May,5,False
HH4180,Market Square,2023-05-01,269.9,2,14.57,5316,135.0,May,5,False
HH1270,Green Park,2023-03-01,167.1,3,8.53,3468,55.7,Mar,3,False
HH9120,Green Park,2023-03-01,160.4,2,10.45,7614,80.2,Mar,3,False
HH8997,Market Square,2023-08-01,361.1,5,17.7,5776,72.2,Aug,8,False
HH5307,Green Park,2023-09-01,174.8,5,7.64,6634,35.0,Sep,9,False
HH7028,Old Town,2023-06-01,244.4,5,9.92,2849,48.9,Jun,6,False
HH8214,River Side,2023-05-01,245.9,3,13.45,4811,82.0,May,5,False
HH4273,Market Square,2023-06-01,402.2,2,22.07,5538,201.1,Jun,6,False
HH6679,River Side,2023-09-01,243.3,1,9.37,7579,243.3,Sep,9,False
HH3610,Green Park,2023-11-01,168.5,1,8.93,2104,168.5,Nov,11,False
HH1406,Green Park,2023-08-01,241.4,1,11.31,1166,241.4,Aug,8,False
HH5357,Market Square,2023-09-01,275.2,5,12.53,2363,55.0,Sep,9,False
HH3230,Tech Hub,2023-05-01,313.2,5,17.22,5287,62.6,May,5,False
HH7033,Green Park,2023-01-01,120.2,4,5.24,9560,30.0,Jan,1,False
HH5997,Old Town,2023-11-01,114.5,3,5.01,8032,38.2,Nov,11,False
HH2855,Green Park,2023-01-01,83.0,5,6.85,9125,16.6,Jan,1,False
HH8262,Old Town,2023-03-01,130.1,4,5.95,1451,32.5,Mar,3,False
HH8951,Tech Hub,2023-07-01,310.45,3,21.33,5690,103.5,Jul,7,False
HH4197,Old Town,2023-02-01,116.1,4,4.81,1139,29.0,Feb,2,False
HH4104,Green Park,2023-06-01,288.5,3,12.69,1049,96.2,Jun,6,False
HH7432,Green Park,2023-03-01,164.7,4,8.66,4765,41.2,Mar,3,False
HH6693,Old Town,2023-06-01,236.7,2,11.5,6788,118.4,Jun,6,False
HH2988,River Side,2023-01-01,190.4,1,7.64,4802,190.4,Jan,1,False
HH9399,Green Park,2023-12-01,158.2,3,6.51,6633,52.7,Dec,12,False
HH2518,Tech Hub,2023-08-01,426.2,3,21.45,7163,142.1,Aug,8,False
HH3849,Old Town,2023-09-01,165.9,2,6.67,2742,83.0,Sep,9,False
HH5195,Old Town,2023-10-01,218.5,3,9.81,6178,72.8,Oct,10,False
HH3461,Tech Hub,2023-02-01,248.6,2,12.98,5120,124.3,Feb,2,False
HH8331,Market Square,2023-12-01,171.0,1,11.63,1082,171.0,Dec,12,False
HH5937,Green Park,2023-10-01,213.7,1,10.02,1369,213.7,Oct,10,False
HH4676,Old Town,2023-06-01,245.8,1,11.64,3426,245.8,Jun,6,False
HH5017,Green Park,2023-11-01,180.5,1,8.85,9560,180.5,Nov,11,False
HH9252,Market Square,2023-07-01,909.7,2,45.0,6041,454.8,Jul,7,True
HH2361,Old Town,2023-10-01,207.9,2,13.66,5370,104.0,Oct,10,False
HH2014,Tech Hub,2023-11-01,327.5,1,14.99,1602,327.5,Nov,11,False
HH5027,Old Town,2023-10-01,118.7,1,5.26,3912,118.7,Oct,10,False
HH1679,Market Square,2023-09-01,280.0,2,13.53,6738,140.0,Sep,9,False
HH8352,Market Square,2023-12-01,212.6,2,5.23,7915,106.3,Dec,12,False
HH9312,Market Square,2023-11-01,273.8,3,13.66,8552,91.3,Nov,11,False
HH1802,Market Square,2023-05-01,275.7,3,15.7,6059,91.9,May,5,False
HH9468,Market Square,2023-01-01,179.9,1,7.34,1060,179.9,Jan,1,False
HH7121,River Side,2023-04-01,223.3,5,11.42,2200,44.7,Apr,4,False
HH8206,River Side,2023-10-01,213.1,3,11.72,1661,71.0,Oct,10,False
HH7968,Green Park,2023-06-01,260.5,3,13.46,3773,86.8,Jun,6,False
HH6520,Green Park,2023-05-01,227.8,5,10.11,4687,45.6,May,5,False
HH9912,Market Square,2023-02-01,256.4,1,13.14,5733,256.4,Feb,2,False
HH8178,Old Town,2023-10-01,193.6,2,13.35,3294,96.8,Oct,10,False
HH1018,Old Town,2023-06-01,254.6,1,16.91,3242,254.6,Jun,6,False
HH5236,River Side,2023-08-01,282.0,3,15.17,7901,94.0,Aug,8,False
HH7160,Green Park,2023-02-01,151.7,2,11.45,6388,75.8,Feb,2,False
HH1192,Market Square,2023-10-01,246.0,5,12.65,2776,49.2,Oct,10,False
HH4893,Green Park,2023-11-01,178.6,5,7.4,7811,35.7,Nov,11,False
HH7773,Green Park,2023-08-01,245.3,1,15.52,4816,245.3,Aug,8,False
HH4764,Market Square,2023-03-01,239.1,3,14.39,5637,79.7,Mar,3,False
HH5780,Green Park,2023-08-01,211.9,4,10.42,5177,53.0,Aug,8,False
HH6626,River Side,2023-06-01,251.7,3,13.82,8739,83.9,Jun,6,False
HH1670,Tech Hub,2023-11-01,957.3,1,49.8,8291,957.3,Nov,11,True
HH7457,River Side,2023-08-01,286.0,2,14.46,2892,143.0,Aug,8,False
HH4612,Market Square,2023-07-01,1078.8,4,55.49,3618,269.7,Jul,7,True
HH2812,Tech Hub,2023-09-01,265.5,3,10.06,9995,88.5,Sep,9,False
HH4340,River Side,2023-05-01,267.7,5,13.9,7410,53.5,May,5,False
HH9841,Old Town,2023-09-01,137.3,4,5.49,4278,34.3,Sep,9,False
HH8485,Green Park,2023-10-01,152.8,2,10.68,1383,76.4,Oct,10,False
HH7111,Green Park,2023-03-01,185.2,5,10.37,5251,37.0,Mar,3,False
HH4046,Market Square,2023-10-01,276.9,2,11.27,2230,138.4,Oct,10,False
HH4748,Tech Hub,2023-07-01,442.2,1,23.74,7718,442.2,Jul,7,False
HH3103,Market Square,2023-05-01,279.4,1,14.68,1365,279.4,May,5,False
HH3378,Old Town,2023-08-01,244.1,2,11.62,2205,122.0,Aug,8,False
HH2474,Market Square,2023-06-01,384.8,2,17.62,5460,192.4,Jun,6,False
HH3964,Old Town,2023-03-01,107.3,3,6.64,5594,35.8,Mar,3,False
HH4504,Old Town,2023-12-01,364.7,2,19.62,1991,182.4,Dec,12,False
HH1067,Tech Hub,2023-07-01,431.6,5,23.76,6660,86.3,Jul,7,False
HH7039,Old Town,2023-11-01,134.8,3,7.56,1650,44.9,Nov,11,False
HH3827,River Side,2023-07-01,353.5,5,20.38,6232,70.7,Jul,7,False
HH3961,River Side,2023-04-01,220.2,5,12.44,4226,44.0,Apr,4,False
HH3505,River Side,2023-08-01,366.9,1,18.35,1917,366.9,Aug,8,False
HH8086,Old Town,2023-01-01,172.9,4,12.02,5749,43.2,Jan,1,False
HH8389,River Side,2023-04-01,214.6,4,8.19,3690,53.6,Apr,4,False
HH9135,Tech Hub,2023-08-01,310.45,2,23.37,7055,155.2,Aug,8,False
HH5735,Old Town,2023-06-01,212.6,1,10.99,3387,212.6,Jun,6,False
HH2262,Tech Hub,2023-07-01,430.0,5,23.1,6047,86.0,Jul,7,False
HH3259,Old Town,2023-05-01,167.4,3,8.76,2257,55.8,May,5,False
HH6750,Green Park,2023-07-01,269.5,4,13.79,4856,67.4,Jul,7,False
HH9954,River Side,2023-03-01,263.0,2,13.66,5145,131.5,Mar,3,False
HH9775,River Side,2023-04-01,257.0,1,7.78,6415,257.0,Apr,4,False
HH1861,Tech Hub,2023-08-01,407.7,5,19.42,7711,81.5,Aug,8,False
HH3148,Tech Hub,2023-10-01,276.9,4,11.25,6457,69.2,Oct,10,False
HH2447,River Side,2023-07-01,333.5,2,19.68,4199,166.8,Jul,7,False
HH5920,Old Town,2023-12-01,133.1,2,3.1,7324,66.6,Dec,12,False
HH9080,River Side,2023-09-01,203.8,4,8.01,6518,51.0,Sep,9,False
HH1844,River Side,2023-07-01,299.6,2,16.67,1446,149.8,Jul,7,False
HH6558,Tech Hub,2023-12-01,287.7,2,16.97,1186,143.8,Dec,12,False
HH1269,Green Park,2023-08-01,259.9,2,10.48,2630,130.0,Aug,8,False
HH1052,Tech Hub,2023-12-01,310.45,4,11.33,6570,77.6,Dec,12,False
HH7855,Tech Hub,2023-03-01,313.3,5,14.8,3294,62.7,Mar,3,False
HH8243,Green Park,2023-06-01,288.5,3,13.4,6918,96.2,Jun,6,False
HH4558,Market Square,2023-05-01,265.6,5,11.32,5478,53.1,May,5,False
HH4968,Tech Hub,2023-10-01,316.0,4,11.72,1910,79.0,Oct,10,False
HH2134,Market Square,2023-01-01,182.5,3,7.56,5876,60.8,Jan,1,False
HH8678,Market Square,2023-01-01,234.8,2,13.74,4357,117.4,Jan,1,False
HH2647,Market Square,2023-02-01,247.6,5,11.65,7992,49.5,Feb,2,False
HH8069,Old Town,2023-04-01,148.7,5,11.49,5512,29.7,Apr,4,False
HH2504,Green Park,2023-04-01,199.5,4,11.49,4308,49.9,Apr,4,False
HH8850,Green Park,2023-09-01,206.4,3,13.43,7416,68.8,Sep,9,False
HH9100,Green Park,2023-10-01,200.6,2,13.73,9684,100.3,Oct,10,False
HH8282,Old Town,2023-06-01,216.6,1,9.89,2874,216.6,Jun,6,False
HH8538,Tech Hub,2023-11-01,347.3,2,19.34,8411,173.6,Nov,11,False
HH8737,Tech Hub,2023-06-01,391.1,4,17.59,4359,97.8,Jun,6,False
HH6869,Green Park,2023-09-01,155.6,4,3.91,9039,38.9,Sep,9,False
HH5567,Old Town,2023-12-01,111.4,4,3.07,7513,27.8,Dec,12,False
HH9728,Tech Hub,2023-06-01,429.7,5,19.19,8678,85.9,Jun,6,False
HH9002,River Side,2023-03-01,214.4,2,7.46,5247,107.2,Mar,3,False
HH7995,Market Square,2023-03-01,221.5,2,14.57,8299,110.8,Mar,3,False
HH6552,Green Park,2023-06-01,236.9,1,10.86,1627,236.9,Jun,6,False
HH1974,Market Square,2023-01-01,222.9,4,9.68,8192,55.7,Jan,1,False
HH9662,Market Square,2023-08-01,353.7,4,15.67,2987,88.4,Aug,8,False
HH5440,Old Town,2023-02-01,192.9,2,10.08,8347,96.4,Feb,2,False
HH2716,Green Park,2023-08-01,266.0,5,14.31,1310,53.2,Aug,8,False
HH8616,Market Square,2023-08-01,355.2,3,16.09,9551,118.4,Aug,8,False
HH1890,Tech Hub,2023-03-01,312.7,2,19.8,7078,156.4,Mar,3,False
HH7100,Market Square,2023-06-01,391.0,2,18.84,2719,195.5,Jun,6,False
HH4904,River Side,2023-07-01,262.9,1,13.4,7837,262.9,Jul,7,False
HH5624,River Side,2023-05-01,212.4,1,10.91,9848,212.4,May,5,False
